﻿<?xml version="1.0" encoding="utf-8"?>
<Configuration Type="Configuration.ConfigurationState" Version="1.0.0.12" Caption="Ocean - Ribbon">
  <Extensions Type="Extensibility.ExtensionCollection">
    <Workspaces.WorkspaceExtension EntityId="cab54dd4-cc16-4e61-bada-8e98de314840" />
    <Relationships.RelationshipsExtension>
      <Associations Type="Relationships.Associations">
        <Relationships.Association RelationshipId="Configuration-Section" Role="Configuration">
          <AssociatedEnds Type="AssociatedEnds">
            <AssociatedEnd Role="Section">
              <Entities Type="Entities">
                <EntityId Value="13aa2de6-796c-4b97-8480-ab4cf739be04" />
                <EntityId Value="e0ed3cb4-d764-4ae6-8d15-b6998e558c3a" />
                <EntityId Value="364691a5-cd85-4d48-a671-0c054ad686f8" />
                <EntityId Value="e0ff758f-9528-41ac-a372-4c08b01e30e2" />
                <EntityId Value="29b6c6df-309b-4164-bc52-2e5488d5dabc" />
                <EntityId Value="5ccdb7ce-43dc-493c-a0e7-af80e9afb73a" />
                <EntityId Value="aa3e93e8-895d-4350-bacb-45dab6edbfd0" />
                <EntityId Value="ed8cbd36-6f55-4657-af97-3544d5bd0d88" />
              </Entities>
            </AssociatedEnd>
          </AssociatedEnds>
        </Relationships.Association>
      </Associations>
    </Relationships.RelationshipsExtension>
  </Extensions>
  <Sections Type="Extesibility.ConfigurationSectionCollection">
    <Commands.CommandSection Version="1.0.0.7">
      <Extensions Type="Extensibility.ExtensionCollection">
        <Workspaces.WorkspaceExtension EntityId="13aa2de6-796c-4b97-8480-ab4cf739be04" />
        <Relationships.RelationshipsExtension>
          <Associations Type="Relationships.Associations">
            <Relationships.Association RelationshipId="Configuration-Section" Role="Section">
              <AssociatedEnds Type="AssociatedEnds">
                <AssociatedEnd Role="Configuration">
                  <Entities Type="Entities">
                    <EntityId Value="cab54dd4-cc16-4e61-bada-8e98de314840" />
                  </Entities>
                </AssociatedEnd>
              </AssociatedEnds>
            </Relationships.Association>
          </Associations>
        </Relationships.RelationshipsExtension>
      </Extensions>
      <Commands Type="Commands.CommandCollection">
        <CommandInfo Id="UFSC_Plugins.openCPPlot" Type="Commands.SimpleCommand">
          <Extensions Type="Extensibility.ExtensionCollection">
            <Attributes.AttributesExtension>
              <Attributes Type="Attributes.AttributeCollection">
                <Attributes.AttributeValue AttributeId="Appearance.Caption" ValueType="System.String" Value="Cross Plot" />
                <Attributes.AttributeValue AttributeId="Appearance.Image.32" ValueType="Appearance.ImageData" Value="{Uri:pack://application:,,,/Slb.Ocean.Petrel.Resources;component/images/modules_32.png}" />
                <Attributes.AttributeValue AttributeId="Appearance.Image.16" ValueType="Appearance.ImageData" Value="{Uri:pack://application:,,,/Slb.Ocean.Petrel.Resources;component/images/modules_16.png}" />
              </Attributes>
            </Attributes.AttributesExtension>
          </Extensions>
        </CommandInfo>
      </Commands>
      <CommandGroups Type="Commands.CommandGroupCollection" />
    </Commands.CommandSection>
    <ToolContainers.RibbonSection Version="1.0.0.10">
      <Extensions Type="Extensibility.ExtensionCollection">
        <Workspaces.WorkspaceExtension EntityId="e0ed3cb4-d764-4ae6-8d15-b6998e558c3a" />
        <Relationships.RelationshipsExtension>
          <Associations Type="Relationships.Associations">
            <Relationships.Association RelationshipId="Configuration-Section" Role="Section">
              <AssociatedEnds Type="AssociatedEnds">
                <AssociatedEnd Role="Configuration">
                  <Entities Type="Entities">
                    <EntityId Value="cab54dd4-cc16-4e61-bada-8e98de314840" />
                  </Entities>
                </AssociatedEnd>
              </AssociatedEnds>
            </Relationships.Association>
          </Associations>
        </Relationships.RelationshipsExtension>
      </Extensions>
      <Ribbons Type="Extesibility.RibbonCollection">
        <ToolContainers.Ribbon Id="9f42ae22-15c5-4351-9057-5921be95969d">
          <Extensions Type="Extensibility.ExtensionCollection">
            <Attributes.AttributesExtension>
              <Attributes Type="Attributes.AttributeCollection">
                <Attributes.AttributeValue AttributeId="Appearance.Caption" ValueType="System.String" Value="Platform" />
              </Attributes>
            </Attributes.AttributesExtension>
          </Extensions>
          <Tabs Type="Extesibility.TabCollection">
            <ToolContainers.RibbonTab Id="cbac5eb9-bbe4-4eee-8a73-783a255b144e">
              <Extensions Type="Extensibility.ExtensionCollection">
                <Attributes.AttributesExtension>
                  <Attributes Type="Attributes.AttributeCollection">
                    <Attributes.AttributeValue AttributeId="Appearance.Caption" ValueType="System.String" Value="UFSC Tools" />
                  </Attributes>
                </Attributes.AttributesExtension>
              </Extensions>
              <TabGroups Type="Extesibility.TabGroupCollection">
                
                <ToolContainers.RibbonTabGroup Id="e8f69e86-d929-4eae-8f1a-1b0fc9a2df00">
                  <Extensions Type="Extensibility.ExtensionCollection">
                    <Attributes.AttributesExtension>
                      <Attributes Type="Attributes.AttributeCollection">
                        <Attributes.AttributeValue AttributeId="Appearance.Caption" ValueType="System.String" Value="UFSC Plugins" />
                      </Attributes>
                    </Attributes.AttributesExtension>
                  </Extensions>
                  <Tools Type="Tools.ToolCollection">

                    <!-- added to appear on the ribbon tab - Parameter is the uniqueID -->
                    <Tools.StateButtonTool CommandId="Core.Services.ShowHideProcessDialog" Parameter="94731e50-5602-47e7-abac-f98482e37353">
                      <Extensions Type="Extensibility.ExtensionCollection">
                        <Attributes.AttributesExtension>
                          <Attributes Type="Attributes.AttributeCollection">
                            <Attributes.AttributeValue AttributeId="Appearance.ToolStyle" ValueType="Tools.ToolStyle" Value="LargeImageAndText" />
                            <Attributes.AttributeValue AttributeId="Appearance.Caption" ValueType="System.String" Value="Inversion" />
                            <Attributes.AttributeValue AttributeId="Appearance.Description" ValueType="System.String" Value="UFSC Plugins for Inversion and Geostatistcs" />
                            <Attributes.AttributeValue AttributeId="Appearance.ToolTipText" ValueType="System.String" Value="Main window for UFSC plugins" />
                            <Attributes.AttributeValue AttributeId="Appearance.Image.16" ValueType="Appearance.ImageData" Value="{Uri:pack://application:,,,/Slb.Ocean.Petrel.Resources;component/images/property_16.png}" />
                            <Attributes.AttributeValue AttributeId="Appearance.Image.32" ValueType="Appearance.ImageData" Value="{Uri:pack://application:,,,/Slb.Ocean.Petrel.Resources;component/images/property_32.png}" />
                          </Attributes>
                        </Attributes.AttributesExtension>
                      </Extensions>
                    </Tools.StateButtonTool>

                  </Tools>
                </ToolContainers.RibbonTabGroup>
              </TabGroups>
            </ToolContainers.RibbonTab>
          </Tabs>
        </ToolContainers.Ribbon>
      </Ribbons>
    </ToolContainers.RibbonSection>
    <ToolContainers.PaletteSection Version="1.0.0.7">
      <Extensions Type="Extensibility.ExtensionCollection">
        <Workspaces.WorkspaceExtension EntityId="364691a5-cd85-4d48-a671-0c054ad686f8" />
        <Relationships.RelationshipsExtension>
          <Associations Type="Relationships.Associations">
            <Relationships.Association RelationshipId="Configuration-Section" Role="Section">
              <AssociatedEnds Type="AssociatedEnds">
                <AssociatedEnd Role="Configuration">
                  <Entities Type="Entities">
                    <EntityId Value="cab54dd4-cc16-4e61-bada-8e98de314840" />
                  </Entities>
                </AssociatedEnd>
              </AssociatedEnds>
            </Relationships.Association>
          </Associations>
        </Relationships.RelationshipsExtension>
      </Extensions>
      <Palettes Type="Extesibility.PaletteCollection" />
    </ToolContainers.PaletteSection>
    <ToolContainers.MiniToolbarSection Version="1.0.0.5">
      <Extensions Type="Extensibility.ExtensionCollection">
        <Workspaces.WorkspaceExtension EntityId="e0ff758f-9528-41ac-a372-4c08b01e30e2" />
        <Relationships.RelationshipsExtension>
          <Associations Type="Relationships.Associations">
            <Relationships.Association RelationshipId="Configuration-Section" Role="Section">
              <AssociatedEnds Type="AssociatedEnds">
                <AssociatedEnd Role="Configuration">
                  <Entities Type="Entities">
                    <EntityId Value="cab54dd4-cc16-4e61-bada-8e98de314840" />
                  </Entities>
                </AssociatedEnd>
              </AssociatedEnds>
            </Relationships.Association>
          </Associations>
        </Relationships.RelationshipsExtension>
      </Extensions>
      <MiniToolbars Type="Extesibility.MiniToolbarCollection" />
    </ToolContainers.MiniToolbarSection>
    <Configuration.ResourceSection Version="1.0.0.8">
      <Extensions Type="Extensibility.ExtensionCollection">
        <Workspaces.WorkspaceExtension EntityId="29b6c6df-309b-4164-bc52-2e5488d5dabc" />
        <Relationships.RelationshipsExtension>
          <Associations Type="Relationships.Associations">
            <Relationships.Association RelationshipId="Configuration-Section" Role="Section">
              <AssociatedEnds Type="AssociatedEnds">
                <AssociatedEnd Role="Configuration">
                  <Entities Type="Entities">
                    <EntityId Value="cab54dd4-cc16-4e61-bada-8e98de314840" />
                  </Entities>
                </AssociatedEnd>
              </AssociatedEnds>
            </Relationships.Association>
          </Associations>
        </Relationships.RelationshipsExtension>
      </Extensions>
      <Resources Type="Configuration.ResourceCollection" />
    </Configuration.ResourceSection>
    <Rules.RuleSection Version="1.0.0.4">
      <Extensions Type="Extensibility.ExtensionCollection">
        <Workspaces.WorkspaceExtension EntityId="5ccdb7ce-43dc-493c-a0e7-af80e9afb73a" />
        <Relationships.RelationshipsExtension>
          <Associations Type="Relationships.Associations">
            <Relationships.Association RelationshipId="Configuration-Section" Role="Section">
              <AssociatedEnds Type="AssociatedEnds">
                <AssociatedEnd Role="Configuration">
                  <Entities Type="Entities">
                    <EntityId Value="cab54dd4-cc16-4e61-bada-8e98de314840" />
                  </Entities>
                </AssociatedEnd>
              </AssociatedEnds>
            </Relationships.Association>
          </Associations>
        </Relationships.RelationshipsExtension>
      </Extensions>
      <Rules Type="Rules.RuleCollection" />
    </Rules.RuleSection>
    <Configuration.FeatureSection Version="1.0.0.0">
      <Extensions Type="Extensibility.ExtensionCollection">
        <Workspaces.WorkspaceExtension EntityId="aa3e93e8-895d-4350-bacb-45dab6edbfd0" />
        <Relationships.RelationshipsExtension>
          <Associations Type="Relationships.Associations">
            <Relationships.Association RelationshipId="Configuration-Section" Role="Section">
              <AssociatedEnds Type="AssociatedEnds">
                <AssociatedEnd Role="Configuration">
                  <Entities Type="Entities">
                    <EntityId Value="cab54dd4-cc16-4e61-bada-8e98de314840" />
                  </Entities>
                </AssociatedEnd>
              </AssociatedEnds>
            </Relationships.Association>
          </Associations>
        </Relationships.RelationshipsExtension>
      </Extensions>
      <Features Type="Configuration.FeatureCollection" />
    </Configuration.FeatureSection>
    <SceneSection>
      <Extensions Type="Extensibility.ExtensionCollection">
        <Workspaces.WorkspaceExtension EntityId="ed8cbd36-6f55-4657-af97-3544d5bd0d88" />
        <Relationships.RelationshipsExtension>
          <Associations Type="Relationships.Associations">
            <Relationships.Association RelationshipId="Configuration-Section" Role="Section">
              <AssociatedEnds Type="AssociatedEnds">
                <AssociatedEnd Role="Configuration">
                  <Entities Type="Entities">
                    <EntityId Value="cab54dd4-cc16-4e61-bada-8e98de314840" />
                  </Entities>
                </AssociatedEnd>
              </AssociatedEnds>
            </Relationships.Association>
          </Associations>
        </Relationships.RelationshipsExtension>
      </Extensions>
      <Scenes Type="SceneCollection" />
    </SceneSection>
  </Sections>
</Configuration>