﻿<?xml version="1.0" encoding="UTF-8"?>
<OceanDeployList>
  <CopyList>
    <Project source="..\L3CPlugins\L3CPlugins.csproj" required="True" />
	<File source="..\L3CPlugins\bin\x64\Release\l3c_native_lib.dll" required="True" />
	<File source="..\L3CPlugins\bin\x64\Release\libfftw3-3.dll" required="True" />
	<File source="..\L3CPlugins\bin\x64\Release\Accord.Controls.dll" required="True" />
	<File source="..\L3CPlugins\bin\x64\Release\Accord.Controls.xml" required="True" />
	<File source="..\L3CPlugins\bin\x64\Release\Accord.dll" required="True" />
	<File source="..\L3CPlugins\bin\x64\Release\Accord.dll.config" required="True" />
	<File source="..\L3CPlugins\bin\x64\Release\Accord.Imaging.dll" required="True" />
	<File source="..\L3CPlugins\bin\x64\Release\Accord.Imaging.Noncommercial.dll" required="True" />
	<File source="..\L3CPlugins\bin\x64\Release\Accord.Imaging.Noncommercial.xml" required="True" />
	<File source="..\L3CPlugins\bin\x64\Release\Accord.Imaging.xml" required="True" />
	<File source="..\L3CPlugins\bin\x64\Release\Accord.MachineLearning.dll" required="True" />
	<File source="..\L3CPlugins\bin\x64\Release\Accord.MachineLearning.GPL.dll" required="True" />
	<File source="..\L3CPlugins\bin\x64\Release\Accord.MachineLearning.GPL.xml" required="True" />
	<File source="..\L3CPlugins\bin\x64\Release\Accord.MachineLearning.xml" required="True" />
	<File source="..\L3CPlugins\bin\x64\Release\Accord.Math.Core.dll" required="True" />
	<File source="..\L3CPlugins\bin\x64\Release\Accord.Math.Core.xml" required="True" />
	<File source="..\L3CPlugins\bin\x64\Release\Accord.Math.dll" required="True" />
	<File source="..\L3CPlugins\bin\x64\Release\Accord.Math.xml" required="True" />
	<File source="..\L3CPlugins\bin\x64\Release\Accord.Statistics.dll" required="True" />
	<File source="..\L3CPlugins\bin\x64\Release\Accord.Statistics.xml" required="True" />
	<File source="..\L3CPlugins\bin\x64\Release\Accord.xml" required="True" />
	<File source="..\L3CPlugins\bin\x64\Release\Newtonsoft.Json.dll" required="True" />
	<File source="..\L3CPlugins\bin\x64\Release\Newtonsoft.Json.xml" required="True" />
	<File source="..\L3CPlugins\bin\x64\Release\UFSCL3CPlugin.dll" required="True" />
	<File source="..\L3CPlugins\bin\x64\Release\UFSCL3CPlugin.dll.config" required="True" />
	<File source="..\L3CPlugins\bin\x64\Release\UFSCL3CPlugin.pdb" required="True" />
	<File source="..\L3CPlugins\bin\x64\Release\l3c_native_lib.pdb" required="True" />
	<File source="..\L3CPlugins\bin\x64\Release\ZedGraph.dll" required="True" />
	<File source="..\L3CPlugins\bin\x64\Release\ZedGraph.xml" required="True" />
	<File source="..\L3CPlugins\bin\x64\Release\pt\ZedGraph.resources.dll" required="True" />
  </CopyList>
</OceanDeployList>